ID,Gender,Ever_Married,Age,Graduated,Profession,Work_Experience,Spending_Score,Family_Size,Var_1,Segmentation
458989,FEMALE,YES,36,YES,Engineer,0,LOW,1,Cat_6,B
458994,MALE,YES,37,YES,Healthcare,8,AVERAGE,4,Cat_6,A
458996,FEMALE,YES,69,NO,Undecided,0,LOW,1,Cat_6,A
459000,MALE,YES,59,NO,Executive,11,HIGH,2,Cat_6,B
459001,FEMALE,NO,19,NO,Marketing,0,LOW,4,Cat_6,A
459003,MALE,YES,47,YES,Doctor,0,HIGH,5,Cat_4,C
459005,MALE,YES,61,YES,Doctor,5,LOW,3,Cat_6,D
459008,FEMALE,YES,47,YES,Artist,1,AVERAGE,3,Cat_6,D
459013,MALE,YES,50,YES,Artist,2,AVERAGE,4,Cat_6,B
459014,MALE,NO,19,NO,Healthcare,0,LOW,4,Cat_6,B
459015,MALE,NO,22,NO,Healthcare,0,LOW,3,Cat_6,D
459016,FEMALE,NO,22,NO,Healthcare,0,LOW,6,Cat_6,D
459024,MALE,YES,50,YES,Artist,1,AVERAGE,5,Cat_6,A
459026,MALE,NO,27,NO,Healthcare,8,LOW,3,Cat_3,D
459032,MALE,NO,18,NO,Doctor,0,LOW,3,Cat_6,D
459033,FEMALE,YES,61,YES,Artist,0,LOW,1,Cat_6,C
459036,FEMALE,YES,20,YES,Lawyer,1,AVERAGE,3,Cat_3,D
459039,MALE,YES,45,YES,Artist,1,AVERAGE,2,Cat_6,B
459041,MALE,YES,55,YES,Artist,8,LOW,1,Cat_6,B
459045,FEMALE,YES,88,YES,Lawyer,1,AVERAGE,4,Cat_6,C
459056,MALE,YES,63,NO,Executive,0,HIGH,3,Cat_6,A
459058,MALE,NO,42,YES,Artist,0,LOW,4,Cat_3,A
459059,MALE,YES,79,NO,Executive,0,HIGH,2,Cat_6,B
459061,FEMALE,YES,35,YES,Healthcare,9,HIGH,3,Cat_6,B
459064,MALE,YES,27,NO,Executive,5,HIGH,4,Cat_6,B
459065,MALE,YES,52,YES,Engineer,0,LOW,2,Cat_6,A
459074,FEMALE,NO,29,YES,Healthcare,0,LOW,4,Cat_4,B
459077,FEMALE,YES,79,NO,Lawyer,1,HIGH,2,Cat_6,A
459079,MALE,YES,87,YES,Lawyer,0,HIGH,2,Cat_6,C
459080,MALE,YES,89,NO,Lawyer,1,LOW,2,Cat_6,C
459083,MALE,YES,63,YES,Artist,9,AVERAGE,3,,A
459090,MALE,NO,31,NO,Artist,1,LOW,2,Cat_6,B
459091,MALE,YES,72,YES,Artist,1,AVERAGE,6,Cat_1,D
459093,FEMALE,YES,41,YES,Doctor,9,AVERAGE,2,,D
459100,FEMALE,NO,61,YES,Artist,11,LOW,1,Cat_6,C
459106,MALE,YES,62,YES,Artist,0,LOW,2,Cat_6,A
459114,MALE,YES,56,YES,Artist,1,AVERAGE,2,Cat_6,B
459116,MALE,YES,60,YES,Artist,2,AVERAGE,5,Cat_6,C
459117,MALE,YES,68,YES,Artist,0,HIGH,2,Cat_6,B
459118,MALE,NO,19,NO,Healthcare,0,LOW,8,Cat_6,A
459119,MALE,YES,57,YES,Executive,8,HIGH,3,Cat_6,D
459120,MALE,NO,19,NO,Healthcare,5,LOW,5,Cat_2,A
459121,FEMALE,YES,51,YES,Artist,3,AVERAGE,6,Cat_6,C
459123,FEMALE,YES,86,NO,Artist,1,HIGH,2,Cat_6,A
459130,FEMALE,YES,74,NO,Lawyer,1,HIGH,2,Cat_6,C
459132,MALE,NO,23,NO,Entertainment,6,LOW,2,Cat_6,B
459136,MALE,YES,47,YES,Artist,0,AVERAGE,2,Cat_6,D
459140,FEMALE,NO,19,NO,Healthcare,7,LOW,6,Cat_6,D
459143,MALE,YES,50,NO,Artist,0,HIGH,4,Cat_6,B
459144,MALE,YES,80,YES,Lawyer,0,HIGH,2,Cat_6,B
459145,MALE,YES,78,NO,Lawyer,0,LOW,1,Cat_2,C
459150,FEMALE,NO,48,YES,Doctor,0,LOW,1,Cat_6,A
459160,MALE,YES,70,YES,Doctor,1,AVERAGE,2,Cat_6,B
459161,MALE,YES,50,YES,Executive,3,HIGH,5,Cat_6,D
459162,FEMALE,YES,83,YES,Lawyer,0,HIGH,2,Cat_6,C
459163,MALE,NO,35,YES,Entertainment,0,LOW,1,Cat_6,A
459167,FEMALE,NO,36,YES,Artist,0,LOW,2,Cat_5,D
459170,FEMALE,NO,35,YES,Artist,1,LOW,1,Cat_6,B
459171,MALE,YES,35,YES,Artist,0,AVERAGE,2,Cat_6,D
459172,MALE,NO,18,NO,Healthcare,3,LOW,3,Cat_2,C
459175,FEMALE,YES,73,YES,Artist,1,AVERAGE,2,Cat_6,C
459181,MALE,YES,62,NO,Artist,1,HIGH,3,Cat_6,A
459182,FEMALE,YES,46,YES,Artist,1,AVERAGE,2,Cat_6,A
459184,MALE,YES,43,YES,Entertainment,0,LOW,4,Cat_4,A
459185,FEMALE,NO,32,YES,Entertainment,7,LOW,1,Cat_6,D
459193,MALE,NO,39,YES,Artist,0,LOW,1,Cat_6,C
459194,FEMALE,YES,89,YES,Lawyer,0,HIGH,2,Cat_6,A
459196,FEMALE,NO,18,NO,Healthcare,0,LOW,3,Cat_4,B
459208,FEMALE,YES,57,YES,Artist,0,HIGH,2,Cat_3,B
459209,FEMALE,NO,18,NO,Entertainment,0,LOW,4,Cat_6,D
459210,FEMALE,YES,71,YES,Artist,1,HIGH,2,Cat_6,C
459212,FEMALE,YES,69,YES,Artist,0,AVERAGE,2,Cat_6,C
459213,FEMALE,NO,42,YES,Healthcare,0,LOW,4,Cat_6,D
459216,FEMALE,NO,36,YES,Artist,0,LOW,2,Cat_6,B
459220,FEMALE,YES,80,YES,Lawyer,1,HIGH,2,Cat_6,D
459221,MALE,YES,69,NO,Entertainment,0,LOW,1,Cat_6,B
459222,FEMALE,YES,67,YES,Artist,0,AVERAGE,3,Cat_6,A
459223,FEMALE,YES,47,YES,Doctor,1,AVERAGE,4,Cat_6,C
459224,FEMALE,YES,49,YES,Artist,0,AVERAGE,2,Cat_6,D
459227,FEMALE,YES,32,NO,Engineer,9,LOW,4,Cat_6,A
459229,FEMALE,YES,65,YES,Lawyer,1,AVERAGE,4,Cat_6,D
459236,FEMALE,YES,78,NO,Lawyer,0,HIGH,2,Cat_6,D
459237,MALE,NO,33,YES,Artist,1,LOW,6,Cat_6,D
459244,MALE,YES,48,YES,Artist,1,LOW,1,Cat_6,D
459247,MALE,YES,58,YES,Executive,1,AVERAGE,5,Cat_6,A
459263,FEMALE,NO,30,NO,Healthcare,9,LOW,4,Cat_6,A
459264,FEMALE,NO,35,YES,Artist,0,LOW,2,Cat_6,D
459266,MALE,NO,32,YES,Healthcare,6,LOW,5,Cat_6,D
459270,MALE,YES,69,YES,Homemaker,1,HIGH,2,Cat_6,B
459284,FEMALE,YES,71,YES,Lawyer,1,HIGH,2,Cat_6,C
459287,MALE,NO,43,YES,Lawyer,0,LOW,1,Cat_4,C
459288,MALE,YES,37,YES,Artist,0,LOW,2,Cat_6,A
459289,MALE,NO,42,YES,Doctor,0,LOW,1,Cat_6,B
459290,FEMALE,YES,70,YES,Doctor,1,AVERAGE,2,Cat_6,C
459292,MALE,NO,46,YES,Artist,0,LOW,2,Cat_6,B
459296,MALE,YES,70,YES,Artist,0,AVERAGE,2,Cat_6,B
459307,MALE,YES,60,YES,Entertainment,1,LOW,1,Cat_6,C
459310,MALE,NO,37,YES,Entertainment,0,LOW,2,Cat_2,B
459316,MALE,YES,30,YES,Healthcare,1,LOW,2,Cat_6,A
459318,FEMALE,NO,32,YES,Engineer,1,LOW,3,Cat_6,D
459320,MALE,YES,26,YES,Executive,0,LOW,3,Cat_6,D
459322,MALE,NO,42,YES,Marketing,0,LOW,1,Cat_6,A
459339,MALE,YES,29,YES,Healthcare,8,HIGH,2,Cat_6,C
459344,FEMALE,YES,88,YES,Artist,1,HIGH,2,Cat_6,D
459347,MALE,YES,70,YES,Lawyer,1,LOW,1,Cat_6,A
459349,FEMALE,YES,50,YES,Artist,1,HIGH,4,Cat_6,B
459352,MALE,YES,43,YES,Doctor,4,AVERAGE,4,Cat_3,B
459353,MALE,YES,51,YES,Artist,6,AVERAGE,2,Cat_6,B
459354,FEMALE,YES,50,YES,Artist,0,HIGH,3,Cat_6,B
459355,FEMALE,YES,74,NO,Homemaker,0,LOW,1,Cat_6,B
459360,FEMALE,NO,29,YES,Healthcare,0,LOW,3,Cat_6,A
459361,FEMALE,NO,32,YES,Engineer,0,LOW,2,Cat_6,D
459362,MALE,YES,60,NO,Executive,0,LOW,2,Cat_6,D
459363,MALE,NO,46,YES,Artist,2,LOW,1,Cat_6,C
459364,FEMALE,YES,81,YES,Marketing,0,LOW,2,Cat_6,B
459369,MALE,YES,41,NO,Engineer,0,AVERAGE,7,Cat_4,A
459375,MALE,YES,22,NO,Executive,0,HIGH,4,Cat_6,A
459377,MALE,YES,37,YES,Artist,0,AVERAGE,3,Cat_6,D
459383,MALE,YES,43,NO,Engineer,0,LOW,1,Cat_6,D
459384,MALE,YES,50,YES,Artist,1,AVERAGE,3,Cat_6,D
459385,FEMALE,YES,35,YES,Artist,1,AVERAGE,2,Cat_7,A
459386,MALE,YES,65,NO,Lawyer,1,HIGH,2,Cat_6,C
459391,FEMALE,NO,41,YES,Engineer,0,LOW,4,Cat_6,B
459394,MALE,NO,28,NO,Entertainment,8,LOW,2,Cat_6,D
459397,MALE,YES,55,YES,Artist,4,AVERAGE,2,Cat_6,A
459398,FEMALE,YES,58,NO,Lawyer,0,HIGH,2,Cat_6,B
459401,MALE,NO,28,NO,Healthcare,1,LOW,3,,C
459403,MALE,YES,48,YES,Artist,0,AVERAGE,4,Cat_7,B
459405,FEMALE,YES,78,NO,Doctor,1,HIGH,2,Cat_6,B
459407,FEMALE,NO,35,YES,Doctor,1,LOW,3,Cat_6,A
459409,FEMALE,YES,76,YES,Lawyer,0,HIGH,2,Cat_6,B
459410,FEMALE,YES,88,YES,Lawyer,1,HIGH,2,Cat_6,A
459412,MALE,YES,61,YES,Undecided,1,AVERAGE,3,Cat_6,D
459413,FEMALE,YES,79,YES,Artist,0,HIGH,2,Cat_6,B
459415,MALE,NO,30,NO,Doctor,0,LOW,4,Cat_6,A
459418,MALE,YES,69,NO,Executive,0,HIGH,2,Cat_6,C
459419,MALE,YES,65,YES,Doctor,1,AVERAGE,2,Cat_6,B
459420,FEMALE,YES,70,YES,Lawyer,1,LOW,2,Cat_6,C
459421,MALE,YES,32,NO,Healthcare,0,AVERAGE,4,Cat_6,D
459422,MALE,YES,46,YES,Entertainment,0,LOW,4,Cat_6,A
459423,MALE,NO,21,NO,Healthcare,8,LOW,5,Cat_6,A
459424,MALE,YES,47,YES,Doctor,0,LOW,3,Cat_6,B
459428,FEMALE,NO,39,NO,Marketing,0,LOW,2,Cat_4,D
459432,MALE,YES,85,YES,Lawyer,0,LOW,3,Cat_6,C
459436,FEMALE,NO,66,YES,Artist,0,LOW,2,Cat_6,A
459439,FEMALE,YES,50,YES,Artist,1,AVERAGE,2,Cat_6,A
459445,FEMALE,YES,42,YES,Artist,0,AVERAGE,3,Cat_6,B
459447,MALE,YES,53,YES,Artist,9,LOW,1,Cat_6,C
459449,MALE,YES,37,YES,Artist,0,LOW,2,Cat_6,A
459451,FEMALE,YES,45,YES,Artist,1,LOW,2,Cat_6,D
459456,FEMALE,NO,66,NO,Lawyer,0,LOW,1,Cat_6,A
459459,MALE,YES,40,YES,Artist,4,LOW,1,Cat_6,A
459461,FEMALE,YES,35,YES,Artist,1,LOW,1,Cat_1,B
459464,MALE,NO,27,YES,Artist,0,LOW,2,Cat_6,A
459466,FEMALE,YES,48,YES,Artist,0,AVERAGE,3,Cat_4,A
459467,FEMALE,YES,56,YES,Artist,0,AVERAGE,2,Cat_6,B
459469,MALE,YES,25,YES,Healthcare,0,LOW,6,Cat_6,B
459471,FEMALE,NO,30,NO,Artist,0,LOW,8,Cat_6,A
459480,FEMALE,YES,46,YES,Entertainment,7,LOW,3,Cat_6,C
459481,MALE,YES,49,NO,Lawyer,0,LOW,2,Cat_6,C
459482,MALE,YES,72,NO,Marketing,1,LOW,4,Cat_6,C
459485,FEMALE,YES,79,YES,Lawyer,0,HIGH,2,Cat_6,C
459496,FEMALE,NO,35,YES,Artist,0,LOW,3,Cat_6,A
459497,FEMALE,YES,77,YES,Lawyer,0,LOW,1,Cat_6,B
459499,FEMALE,YES,79,NO,Lawyer,0,HIGH,2,Cat_6,C
459503,MALE,YES,42,YES,Healthcare,6,HIGH,4,Cat_6,D
459505,FEMALE,NO,42,YES,Engineer,0,LOW,1,Cat_6,A
459507,MALE,YES,67,NO,Lawyer,0,HIGH,2,Cat_1,B
459509,MALE,NO,26,YES,Healthcare,1,LOW,1,Cat_6,B
459512,MALE,YES,67,YES,Lawyer,1,HIGH,2,Cat_6,A
459515,MALE,YES,55,YES,Engineer,1,LOW,1,Cat_6,D
459516,FEMALE,,56,YES,Artist,0,AVERAGE,2,Cat_6,D
459518,MALE,YES,63,,Undecided,0,AVERAGE,4,Cat_6,A
459535,MALE,YES,46,YES,Artist,8,AVERAGE,2,Cat_6,C
459536,MALE,YES,32,YES,Healthcare,7,LOW,2,Cat_6,D
459538,FEMALE,NO,49,YES,Homemaker,13,LOW,1,Cat_6,B
459541,MALE,YES,59,YES,Artist,1,HIGH,2,Cat_6,C
459549,MALE,NO,22,NO,Healthcare,8,LOW,5,Cat_4,D
459555,FEMALE,NO,28,YES,Artist,8,LOW,1,Cat_6,B
459558,MALE,NO,28,YES,Entertainment,1,LOW,3,Cat_6,A
459564,MALE,YES,75,YES,Lawyer,2,LOW,1,Cat_6,D
459566,FEMALE,YES,37,YES,Artist,13,LOW,2,Cat_6,A
459567,MALE,YES,50,YES,Doctor,0,AVERAGE,2,Cat_6,B
459571,FEMALE,YES,50,YES,Executive,1,HIGH,4,Cat_6,C
459579,FEMALE,YES,35,YES,Artist,3,AVERAGE,5,Cat_4,A
459582,MALE,YES,31,NO,Entertainment,0,AVERAGE,3,Cat_6,A
459583,MALE,YES,46,YES,Artist,0,LOW,1,Cat_6,C
459585,FEMALE,YES,50,YES,Artist,1,AVERAGE,4,Cat_6,C
459587,FEMALE,NO,33,YES,Artist,7,LOW,3,Cat_6,A
459588,MALE,YES,49,YES,Artist,0,LOW,1,Cat_6,A
459591,MALE,YES,52,YES,Artist,1,AVERAGE,3,Cat_6,C
459592,MALE,NO,25,NO,Healthcare,0,LOW,3,Cat_6,D
459594,FEMALE,YES,41,YES,Artist,6,LOW,1,Cat_6,D
459597,FEMALE,YES,68,YES,Artist,0,HIGH,2,Cat_6,D
459603,FEMALE,YES,79,NO,Lawyer,2,HIGH,2,Cat_6,A
459607,MALE,YES,40,YES,Entertainment,5,AVERAGE,5,Cat_6,A
459608,FEMALE,NO,62,YES,Doctor,0,LOW,1,Cat_6,D
459612,MALE,NO,21,NO,Healthcare,0,LOW,2,Cat_6,D
459616,FEMALE,NO,20,NO,Healthcare,0,LOW,4,Cat_1,D
459617,MALE,NO,28,YES,Entertainment,1,LOW,5,Cat_6,C
459618,MALE,YES,57,YES,Doctor,0,AVERAGE,2,Cat_4,B
459625,FEMALE,YES,63,NO,Engineer,8,LOW,1,Cat_6,B
459626,FEMALE,YES,26,NO,Entertainment,1,LOW,3,Cat_6,D
459632,FEMALE,YES,50,NO,Marketing,0,HIGH,3,Cat_4,C
459644,FEMALE,NO,30,NO,Marketing,9,LOW,4,Cat_2,D
459652,FEMALE,NO,26,NO,Engineer,0,LOW,4,Cat_4,B
459658,MALE,YES,61,YES,Artist,1,AVERAGE,3,Cat_6,C
459664,MALE,NO,42,YES,Artist,3,LOW,1,Cat_6,A
459665,MALE,YES,88,YES,Artist,4,LOW,2,Cat_6,A
459672,MALE,YES,45,NO,Artist,3,AVERAGE,3,Cat_6,A
459673,FEMALE,YES,86,YES,Lawyer,1,LOW,1,Cat_6,C
459678,MALE,NO,18,NO,Healthcare,1,LOW,5,Cat_6,A
459680,MALE,NO,37,YES,Entertainment,0,LOW,1,Cat_6,B
459686,MALE,YES,46,YES,Artist,1,LOW,1,Cat_6,A
459691,MALE,YES,58,NO,Artist,0,AVERAGE,2,Cat_6,D
459692,FEMALE,YES,72,YES,Lawyer,8,HIGH,2,Cat_6,A
459693,FEMALE,YES,50,YES,Artist,0,HIGH,3,,C
459699,FEMALE,,56,YES,Engineer,8,AVERAGE,3,Cat_6,A
459701,MALE,NO,46,NO,Artist,3,LOW,3,Cat_5,D
459710,MALE,YES,57,YES,Artist,0,LOW,1,Cat_6,D
459711,MALE,YES,42,NO,Executive,9,HIGH,6,Cat_6,D
459712,MALE,NO,20,NO,Healthcare,0,LOW,4,Cat_6,D
459713,MALE,NO,19,NO,Healthcare,0,LOW,3,Cat_6,C
459715,MALE,NO,19,NO,Healthcare,4,LOW,4,Cat_6,D
459718,MALE,YES,68,YES,Executive,1,LOW,1,Cat_6,B
459725,FEMALE,YES,40,YES,Artist,0,LOW,2,Cat_6,A
459727,MALE,YES,82,NO,Lawyer,0,HIGH,2,Cat_6,D
459740,FEMALE,NO,23,NO,Healthcare,1,LOW,3,Cat_6,D
459742,FEMALE,YES,84,NO,Lawyer,1,HIGH,2,Cat_6,D
459745,MALE,YES,51,NO,Artist,0,LOW,4,Cat_1,C
459746,MALE,,59,YES,Artist,1,AVERAGE,2,Cat_6,B
459747,FEMALE,YES,41,YES,Artist,1,AVERAGE,5,Cat_6,C
459748,MALE,YES,51,NO,Executive,1,HIGH,2,Cat_6,B
459755,FEMALE,YES,62,NO,Artist,0,AVERAGE,3,Cat_6,C
459756,FEMALE,YES,62,NO,Lawyer,1,HIGH,4,Cat_4,C
459760,FEMALE,YES,38,YES,Artist,8,LOW,1,Cat_6,A
459763,MALE,NO,18,NO,Artist,0,LOW,4,Cat_4,D
459767,MALE,NO,22,NO,Healthcare,3,LOW,4,Cat_6,D
459771,FEMALE,,30,YES,Doctor,0,LOW,3,Cat_3,A
459779,FEMALE,YES,62,YES,Entertainment,1,LOW,1,Cat_6,B
459780,FEMALE,NO,43,NO,Entertainment,1,LOW,3,Cat_6,A
459785,FEMALE,NO,32,YES,Engineer,0,LOW,1,Cat_3,D
459795,MALE,NO,48,YES,Artist,1,LOW,1,Cat_6,B
459801,FEMALE,NO,31,YES,Engineer,4,LOW,2,Cat_6,B
459804,MALE,YES,46,NO,Artist,4,HIGH,4,Cat_6,C
459806,FEMALE,YES,49,NO,Engineer,1,AVERAGE,4,Cat_6,A
459808,MALE,YES,43,NO,Doctor,0,AVERAGE,4,Cat_6,A
459815,MALE,NO,42,YES,Artist,8,LOW,1,Cat_6,A
459816,MALE,YES,37,YES,Doctor,0,LOW,2,Cat_6,A
459819,MALE,YES,72,YES,Entertainment,0,HIGH,2,Cat_6,C
459821,MALE,,71,NO,Executive,0,HIGH,1,,A
459822,FEMALE,NO,39,YES,Engineer,1,LOW,1,Cat_4,D
459825,MALE,NO,20,NO,Healthcare,0,LOW,5,Cat_2,D
459827,FEMALE,NO,26,NO,Undecided,0,LOW,1,Cat_7,A
459832,MALE,YES,72,YES,Executive,1,LOW,1,Cat_6,D
459845,MALE,YES,70,YES,Healthcare,0,LOW,1,Cat_4,B
459851,MALE,NO,45,YES,Artist,2,LOW,1,Cat_6,C
459853,MALE,NO,33,NO,Executive,7,LOW,5,Cat_6,D
459856,MALE,YES,50,NO,Entertainment,0,AVERAGE,3,Cat_6,C
459857,MALE,NO,31,YES,Entertainment,6,LOW,1,Cat_6,A
459861,FEMALE,YES,74,NO,Lawyer,1,HIGH,2,Cat_6,B
459864,FEMALE,YES,68,NO,Artist,0,HIGH,2,Cat_6,A
459866,FEMALE,NO,49,YES,Artist,0,LOW,1,Cat_6,D
459867,MALE,YES,49,YES,Marketing,0,HIGH,2,Cat_6,C
459869,FEMALE,NO,18,NO,Healthcare,1,LOW,3,Cat_6,A
459871,FEMALE,YES,85,NO,Entertainment,2,AVERAGE,2,Cat_6,C
459885,FEMALE,NO,38,YES,Entertainment,0,LOW,4,Cat_6,A
459886,MALE,YES,28,NO,Artist,0,LOW,4,Cat_6,A
459887,MALE,YES,46,NO,Artist,3,AVERAGE,2,,D
459889,MALE,YES,59,YES,Homemaker,9,AVERAGE,3,Cat_6,B
459897,FEMALE,YES,56,YES,Artist,0,LOW,2,Cat_6,B
459909,MALE,YES,69,YES,Artist,0,LOW,1,Cat_6,C
459910,MALE,YES,66,YES,Artist,0,LOW,2,Cat_6,C
459911,MALE,NO,18,NO,Healthcare,4,LOW,6,Cat_2,D
459914,MALE,NO,36,YES,Artist,4,LOW,1,Cat_4,A
459923,MALE,NO,31,YES,Marketing,1,LOW,2,Cat_3,B
459925,MALE,YES,67,NO,Executive,1,HIGH,2,Cat_4,D
459937,FEMALE,NO,39,YES,Artist,7,LOW,1,Cat_6,D
459943,MALE,NO,42,YES,Entertainment,4,LOW,3,Cat_6,C
459945,MALE,YES,50,YES,Artist,0,LOW,2,Cat_6,A
459946,FEMALE,YES,37,YES,Artist,0,AVERAGE,2,Cat_6,D
459949,FEMALE,NO,59,YES,Artist,0,LOW,1,Cat_6,C
459953,MALE,YES,50,YES,Artist,8,LOW,2,Cat_6,D
459961,MALE,YES,48,YES,Artist,8,LOW,3,Cat_2,B
459962,MALE,YES,55,YES,Artist,9,LOW,1,Cat_6,B
459966,FEMALE,NO,33,YES,Doctor,1,LOW,3,Cat_6,A
459968,MALE,NO,38,YES,Artist,13,LOW,1,Cat_7,A
459970,MALE,NO,43,YES,Artist,0,LOW,2,Cat_6,A
459973,FEMALE,NO,53,YES,Artist,0,LOW,2,Cat_6,A
459974,MALE,NO,37,YES,Entertainment,0,LOW,1,Cat_6,B
459975,FEMALE,NO,36,YES,Artist,5,LOW,1,Cat_6,A
459981,MALE,NO,36,YES,Artist,5,LOW,1,Cat_6,A
459986,MALE,YES,62,YES,Artist,1,LOW,1,Cat_6,D
459995,FEMALE,NO,38,NO,Artist,2,LOW,2,Cat_6,B
459996,MALE,NO,55,YES,Entertainment,1,LOW,1,Cat_6,B
459998,MALE,YES,60,NO,Entertainment,1,AVERAGE,2,Cat_6,C
460004,FEMALE,YES,36,YES,Entertainment,7,AVERAGE,2,Cat_5,A
460006,MALE,NO,30,NO,Entertainment,5,LOW,9,Cat_3,D
460014,FEMALE,NO,66,NO,Entertainment,4,LOW,3,Cat_6,A
460023,MALE,YES,45,YES,Entertainment,1,LOW,1,Cat_6,D
460033,FEMALE,,45,YES,Entertainment,5,LOW,3,Cat_6,D
460036,MALE,YES,41,YES,Undecided,2,LOW,1,Cat_6,B
460040,FEMALE,YES,62,YES,Homemaker,4,LOW,1,Cat_5,A
460045,MALE,YES,61,YES,Artist,1,LOW,2,Cat_6,C
460046,FEMALE,YES,50,YES,Artist,4,LOW,2,Cat_6,D
460050,MALE,YES,53,YES,Entertainment,3,LOW,2,Cat_6,A
460051,MALE,NO,39,YES,Artist,7,LOW,1,Cat_6,A
460052,FEMALE,NO,86,YES,Lawyer,0,LOW,1,Cat_3,D
460058,MALE,YES,50,YES,Artist,1,LOW,1,Cat_4,B
460061,MALE,NO,52,YES,Marketing,0,LOW,1,Cat_3,B
460066,FEMALE,NO,45,NO,Marketing,0,LOW,1,Cat_6,B
460068,FEMALE,NO,37,YES,Artist,9,LOW,1,Cat_6,A
460073,FEMALE,YES,36,YES,Engineer,3,LOW,1,Cat_6,B
460075,FEMALE,NO,25,YES,Artist,0,LOW,1,Cat_6,D
460079,FEMALE,NO,40,NO,Doctor,1,LOW,1,Cat_6,B
460081,MALE,YES,41,YES,Artist,11,HIGH,2,Cat_6,A
460088,FEMALE,YES,25,YES,Homemaker,0,HIGH,2,Cat_6,B
460090,MALE,YES,80,NO,Lawyer,4,AVERAGE,2,Cat_6,B
460093,FEMALE,NO,46,YES,Artist,3,LOW,1,Cat_3,A
460095,FEMALE,YES,81,YES,Lawyer,1,LOW,1,Cat_6,D
460097,MALE,,40,YES,Artist,0,LOW,2,Cat_3,B
460099,MALE,NO,49,YES,Undecided,1,LOW,1,Cat_3,A
460101,FEMALE,NO,26,YES,Healthcare,8,LOW,3,Cat_3,D
460103,MALE,NO,26,YES,Artist,1,LOW,1,Cat_4,D
460105,FEMALE,NO,47,YES,Artist,0,LOW,1,Cat_4,A
460107,MALE,YES,48,YES,Engineer,1,AVERAGE,5,Cat_6,C
460108,MALE,YES,39,YES,Artist,1,AVERAGE,3,Cat_2,B
460109,MALE,YES,50,YES,Artist,8,AVERAGE,2,Cat_6,B
460110,FEMALE,NO,46,YES,Artist,1,LOW,2,,B
460112,MALE,YES,26,YES,Engineer,8,AVERAGE,2,Cat_3,D
460116,FEMALE,YES,42,YES,Undecided,1,LOW,2,Cat_6,D
460118,FEMALE,YES,36,YES,Artist,4,LOW,2,Cat_6,D
460119,MALE,NO,29,YES,Healthcare,1,LOW,4,Cat_6,D
460122,FEMALE,NO,39,NO,Artist,1,LOW,1,Cat_6,A
460124,FEMALE,NO,41,YES,Artist,0,LOW,3,Cat_6,B
460134,MALE,YES,40,YES,Entertainment,9,HIGH,3,Cat_6,C
460135,FEMALE,NO,25,YES,Healthcare,4,LOW,3,Cat_6,A
460140,FEMALE,YES,41,YES,Artist,7,LOW,2,Cat_6,A
460141,MALE,NO,37,YES,Artist,11,LOW,1,Cat_6,A
460146,FEMALE,YES,51,YES,Engineer,0,AVERAGE,3,Cat_3,A
460147,MALE,YES,73,YES,Entertainment,1,AVERAGE,3,Cat_6,D
460157,MALE,YES,61,NO,Undecided,1,LOW,5,Cat_4,D
460160,MALE,NO,39,YES,Entertainment,5,LOW,1,Cat_3,A
460162,FEMALE,NO,19,NO,Healthcare,0,LOW,4,Cat_2,D
460166,FEMALE,NO,19,NO,Healthcare,0,LOW,7,Cat_2,A
460167,FEMALE,NO,23,NO,Entertainment,1,LOW,5,Cat_2,D
460168,MALE,YES,83,YES,Executive,0,HIGH,2,Cat_2,A
460171,FEMALE,YES,62,YES,Artist,1,HIGH,2,Cat_6,C
460174,FEMALE,NO,43,YES,Artist,9,LOW,4,Cat_6,C
460175,FEMALE,NO,27,NO,Artist,0,LOW,5,Cat_2,A
460177,MALE,NO,50,YES,Artist,0,LOW,1,Cat_6,B
460179,FEMALE,NO,23,NO,Entertainment,0,LOW,6,Cat_2,D
460183,MALE,NO,35,NO,Entertainment,9,LOW,2,Cat_6,D
460185,MALE,NO,32,NO,Healthcare,9,LOW,3,Cat_6,D
460187,FEMALE,NO,42,YES,Doctor,2,LOW,3,Cat_6,C
460189,MALE,NO,33,NO,Entertainment,13,LOW,1,Cat_6,A
460190,FEMALE,NO,28,YES,Entertainment,9,LOW,3,Cat_6,D
460192,MALE,YES,35,YES,Undecided,1,LOW,2,Cat_7,A
460196,FEMALE,NO,35,YES,Healthcare,9,LOW,2,Cat_6,D
460206,FEMALE,YES,39,YES,Entertainment,0,LOW,2,Cat_6,A
460211,MALE,YES,28,,Artist,6,LOW,1,Cat_6,A
460212,MALE,YES,35,YES,Entertainment,11,LOW,6,Cat_6,A
460214,FEMALE,YES,45,YES,Engineer,0,AVERAGE,2,Cat_6,C
460223,MALE,NO,52,NO,Entertainment,1,LOW,1,Cat_6,A
460227,MALE,NO,28,NO,Healthcare,0,LOW,3,Cat_6,A
460242,MALE,YES,38,YES,Healthcare,9,LOW,3,Cat_6,A
460243,FEMALE,NO,42,YES,Entertainment,8,LOW,1,Cat_6,C
460248,FEMALE,NO,27,YES,Healthcare,7,LOW,2,Cat_6,B
460252,MALE,YES,41,YES,Artist,0,LOW,2,Cat_6,B
460263,MALE,YES,41,YES,Artist,1,LOW,2,Cat_6,B
460265,MALE,YES,47,YES,Executive,0,HIGH,4,Cat_6,D
460270,MALE,NO,35,YES,Doctor,8,LOW,1,Cat_6,A
460272,FEMALE,NO,88,YES,Lawyer,0,LOW,1,Cat_6,B
460275,FEMALE,NO,46,YES,Artist,6,LOW,1,Cat_6,B
460276,FEMALE,YES,41,YES,Artist,3,LOW,2,Cat_6,A
460281,FEMALE,NO,30,YES,Doctor,10,LOW,5,Cat_6,B
460283,MALE,YES,43,YES,Doctor,12,LOW,2,Cat_6,A
460284,FEMALE,NO,29,YES,Entertainment,9,LOW,2,Cat_6,A
460287,MALE,YES,48,YES,Artist,1,LOW,1,Cat_6,B
460289,FEMALE,YES,61,YES,Artist,4,AVERAGE,6,Cat_4,B
460298,FEMALE,NO,51,YES,Lawyer,2,LOW,1,Cat_6,B
460303,FEMALE,NO,38,YES,Artist,2,LOW,1,,A
460305,FEMALE,,49,YES,Entertainment,0,HIGH,1,Cat_6,A
460306,FEMALE,NO,43,YES,Healthcare,9,LOW,1,Cat_6,D
460310,MALE,NO,27,NO,Healthcare,14,LOW,4,Cat_6,A
460315,FEMALE,NO,35,NO,Doctor,14,LOW,6,Cat_7,A
460319,FEMALE,YES,39,NO,Doctor,4,AVERAGE,2,Cat_7,B
460323,FEMALE,NO,38,YES,Engineer,10,LOW,1,Cat_6,B
460324,FEMALE,NO,30,YES,Entertainment,12,LOW,2,Cat_6,D
460327,FEMALE,NO,43,YES,Artist,10,LOW,1,Cat_6,D
460333,FEMALE,NO,42,NO,Entertainment,10,LOW,4,Cat_6,D
460336,FEMALE,NO,46,YES,Artist,2,LOW,1,Cat_7,B
460340,FEMALE,NO,47,YES,Artist,11,LOW,2,Cat_6,B
460341,FEMALE,NO,32,NO,Entertainment,13,LOW,5,Cat_7,B
460344,FEMALE,YES,53,YES,Artist,11,AVERAGE,2,Cat_6,D
460348,FEMALE,NO,39,YES,Artist,0,LOW,2,Cat_6,A
460349,MALE,,42,YES,Artist,3,AVERAGE,2,Cat_6,A
460354,FEMALE,NO,37,YES,Artist,3,LOW,1,Cat_3,B
460356,MALE,NO,19,NO,Healthcare,0,LOW,4,Cat_6,D
460358,MALE,NO,30,NO,Marketing,1,LOW,1,Cat_3,D
460361,FEMALE,YES,49,YES,Artist,0,LOW,1,Cat_4,A
460362,MALE,YES,55,YES,Healthcare,0,LOW,3,Cat_4,B
460365,FEMALE,YES,59,YES,Doctor,1,LOW,2,Cat_4,C
460369,FEMALE,YES,46,YES,Artist,0,LOW,2,Cat_6,C
460370,FEMALE,YES,27,YES,Executive,9,HIGH,2,Cat_6,B
460371,FEMALE,NO,25,YES,Artist,1,LOW,2,Cat_6,B
460378,FEMALE,NO,37,YES,Doctor,1,LOW,1,Cat_6,B
460379,MALE,NO,38,YES,Artist,9,LOW,3,Cat_6,A
460380,MALE,NO,29,YES,Entertainment,9,LOW,3,Cat_6,D
460381,MALE,NO,28,YES,Artist,11,LOW,2,Cat_6,A
460384,FEMALE,YES,27,YES,Marketing,8,LOW,2,Cat_6,D
460387,FEMALE,NO,42,NO,Entertainment,3,LOW,2,Cat_6,D
460388,FEMALE,NO,43,YES,Artist,14,LOW,2,Cat_6,B
460389,FEMALE,YES,40,YES,Healthcare,8,AVERAGE,2,Cat_6,A
460390,MALE,NO,41,YES,Artist,9,LOW,3,Cat_6,B
460392,MALE,YES,46,NO,Entertainment,8,LOW,1,Cat_1,B
460394,FEMALE,NO,32,YES,Healthcare,9,LOW,3,Cat_6,D
460397,FEMALE,NO,56,YES,Entertainment,1,LOW,1,Cat_6,C
460399,MALE,NO,28,YES,Marketing,12,LOW,1,Cat_6,A
460401,FEMALE,NO,25,YES,Artist,0,LOW,3,Cat_7,A
460404,MALE,YES,42,YES,Artist,6,LOW,7,Cat_6,C
460405,FEMALE,NO,41,YES,Entertainment,5,LOW,2,Cat_6,C
460406,MALE,YES,36,YES,Healthcare,3,LOW,2,Cat_6,C
460408,FEMALE,NO,42,YES,Artist,2,LOW,1,Cat_6,A
460409,FEMALE,NO,42,YES,Artist,8,LOW,4,Cat_6,C
460415,FEMALE,NO,55,YES,Entertainment,1,LOW,2,Cat_6,B
460431,FEMALE,NO,47,YES,Engineer,1,LOW,1,Cat_6,A
460434,MALE,,57,YES,Artist,2,HIGH,3,Cat_6,B
460437,FEMALE,NO,26,YES,Artist,8,LOW,1,Cat_6,D
460440,FEMALE,NO,28,NO,Artist,5,LOW,2,Cat_6,B
460443,FEMALE,NO,37,YES,Doctor,0,LOW,1,Cat_6,D
460447,MALE,,89,NO,Lawyer,0,LOW,1,Cat_3,D
460449,MALE,NO,25,NO,Marketing,2,LOW,1,Cat_3,D
460450,MALE,YES,50,YES,Executive,1,HIGH,4,Cat_4,C
460453,FEMALE,NO,42,YES,Doctor,5,LOW,1,Cat_6,B
460454,MALE,NO,48,YES,Artist,0,LOW,1,Cat_6,C
460459,FEMALE,NO,30,NO,Engineer,1,LOW,5,Cat_3,D
460460,MALE,YES,26,NO,Entertainment,2,LOW,4,Cat_3,A
460467,FEMALE,YES,47,YES,Artist,0,AVERAGE,2,Cat_6,B
460470,MALE,NO,36,NO,Healthcare,0,LOW,4,Cat_4,D
460476,MALE,YES,53,NO,Doctor,0,AVERAGE,4,Cat_3,A
460477,MALE,NO,30,NO,Entertainment,1,LOW,6,Cat_3,A
460484,FEMALE,NO,20,NO,Healthcare,4,LOW,7,Cat_3,D
460485,FEMALE,NO,19,NO,Marketing,8,LOW,5,Cat_3,D
460489,MALE,NO,19,NO,Healthcare,9,LOW,6,Cat_3,D
460495,MALE,NO,20,NO,Healthcare,0,LOW,6,Cat_3,D
460504,MALE,,39,NO,Executive,0,AVERAGE,3,Cat_3,A
460505,FEMALE,NO,26,YES,Engineer,1,LOW,3,Cat_3,D
460507,MALE,NO,31,NO,Doctor,0,LOW,4,Cat_3,A
460508,MALE,YES,31,YES,Healthcare,2,HIGH,3,Cat_3,A
460518,FEMALE,YES,41,YES,Engineer,9,AVERAGE,3,Cat_3,A
460522,FEMALE,YES,32,NO,Homemaker,0,AVERAGE,2,Cat_4,D
460541,FEMALE,YES,42,YES,Homemaker,0,AVERAGE,3,Cat_3,D
460545,MALE,YES,78,NO,Lawyer,1,HIGH,3,Cat_3,B
460546,FEMALE,YES,65,YES,Lawyer,1,LOW,2,Cat_3,D
460549,MALE,NO,36,YES,Artist,8,LOW,2,Cat_3,C
460550,FEMALE,YES,55,YES,Artist,0,AVERAGE,4,Cat_3,C
460551,MALE,YES,52,YES,Engineer,0,AVERAGE,2,Cat_3,B
460555,MALE,YES,52,YES,Homemaker,7,AVERAGE,3,Cat_3,D
460556,FEMALE,YES,41,YES,Undecided,1,LOW,1,Cat_3,D
460558,FEMALE,YES,36,YES,Engineer,0,LOW,1,Cat_3,D
460561,FEMALE,NO,37,NO,Engineer,7,LOW,1,Cat_3,C
460563,FEMALE,NO,40,NO,Healthcare,1,LOW,2,Cat_1,A
460566,MALE,YES,38,YES,Homemaker,0,AVERAGE,2,Cat_3,B
460571,MALE,NO,25,NO,Doctor,0,LOW,3,Cat_3,B
460572,FEMALE,NO,33,YES,Engineer,1,LOW,4,Cat_3,A
460574,MALE,NO,26,YES,Artist,1,LOW,1,Cat_3,C
460582,FEMALE,NO,28,NO,Entertainment,0,LOW,1,Cat_3,D
460583,MALE,NO,18,NO,Marketing,0,LOW,6,Cat_3,B
460585,MALE,NO,52,NO,Entertainment,0,LOW,3,Cat_3,A
460586,MALE,NO,26,YES,Healthcare,0,LOW,2,Cat_3,D
460588,MALE,NO,18,NO,Healthcare,0,LOW,4,Cat_3,D
460597,FEMALE,NO,20,NO,Marketing,1,LOW,2,Cat_3,D
460598,FEMALE,YES,36,YES,Doctor,0,AVERAGE,3,Cat_3,B
460605,MALE,YES,27,YES,Doctor,8,AVERAGE,2,Cat_4,A
460606,MALE,NO,21,NO,Healthcare,0,LOW,5,Cat_7,D
460612,MALE,NO,27,YES,Entertainment,8,LOW,4,Cat_3,D
460618,MALE,YES,63,YES,Lawyer,0,LOW,4,Cat_3,A
460621,MALE,YES,80,YES,Lawyer,1,LOW,2,Cat_3,D
460622,FEMALE,YES,71,YES,Lawyer,7,HIGH,3,Cat_3,C
460626,MALE,YES,47,NO,Doctor,8,HIGH,4,Cat_6,D
460627,FEMALE,NO,22,NO,Undecided,1,LOW,4,Cat_3,B
460633,MALE,YES,35,YES,Undecided,0,HIGH,2,Cat_3,C
460634,FEMALE,NO,40,NO,Entertainment,0,LOW,6,Cat_3,A
460638,FEMALE,NO,26,YES,Artist,0,LOW,4,Cat_3,D
460639,FEMALE,YES,73,YES,Lawyer,0,LOW,5,Cat_1,A
460640,MALE,YES,86,,Lawyer,0,LOW,1,Cat_3,C
460645,FEMALE,NO,37,NO,Doctor,1,LOW,2,Cat_3,B
460653,FEMALE,NO,28,NO,Homemaker,8,LOW,1,Cat_4,B
460656,FEMALE,YES,29,YES,Artist,9,LOW,3,Cat_6,A
460658,FEMALE,YES,37,YES,Marketing,7,AVERAGE,3,Cat_6,D
460659,FEMALE,YES,46,YES,Marketing,0,AVERAGE,3,Cat_6,A
460660,MALE,NO,39,,Entertainment,6,LOW,1,Cat_6,B
460661,FEMALE,NO,33,NO,Homemaker,8,LOW,1,Cat_6,D
460668,FEMALE,NO,32,YES,Doctor,0,LOW,2,Cat_3,D
460678,FEMALE,NO,32,NO,Doctor,6,LOW,2,Cat_3,A
460686,FEMALE,,25,NO,Homemaker,8,LOW,1,Cat_3,D
460687,FEMALE,YES,48,YES,Homemaker,9,AVERAGE,2,Cat_3,C
460691,FEMALE,NO,27,NO,Homemaker,8,LOW,1,Cat_3,B
460702,FEMALE,NO,49,YES,Artist,1,LOW,1,Cat_6,A
460703,FEMALE,YES,33,YES,Engineer,8,AVERAGE,5,Cat_4,A
460706,FEMALE,NO,33,NO,Engineer,7,LOW,6,Cat_4,C
460708,MALE,YES,39,YES,Artist,0,LOW,3,Cat_6,A
460716,MALE,YES,50,YES,Entertainment,0,AVERAGE,4,Cat_6,B
460720,FEMALE,YES,46,YES,Artist,0,AVERAGE,2,Cat_6,B
460722,MALE,YES,31,NO,Entertainment,0,AVERAGE,3,Cat_3,A
460726,MALE,YES,57,YES,Artist,3,AVERAGE,2,Cat_6,B
460727,MALE,YES,73,NO,Executive,1,HIGH,4,Cat_3,B
460729,MALE,YES,36,YES,Entertainment,9,LOW,4,Cat_6,A
460733,MALE,NO,53,YES,Marketing,2,LOW,4,Cat_6,C
460740,MALE,YES,35,YES,Artist,2,AVERAGE,3,Cat_6,C
460743,MALE,YES,62,YES,Artist,0,AVERAGE,3,Cat_6,C
460746,MALE,NO,23,NO,Marketing,0,LOW,3,Cat_6,A
460763,MALE,NO,51,YES,Artist,1,LOW,2,Cat_6,C
460769,FEMALE,YES,83,NO,Lawyer,1,HIGH,2,Cat_6,A
460780,FEMALE,NO,26,YES,Healthcare,0,LOW,2,Cat_3,B
460783,MALE,YES,86,YES,Lawyer,1,LOW,1,Cat_6,C
460785,MALE,NO,26,YES,Healthcare,0,LOW,4,Cat_7,D
460789,MALE,YES,42,YES,Executive,0,LOW,3,Cat_6,D
460794,FEMALE,YES,41,YES,Homemaker,9,LOW,1,Cat_6,A
460796,MALE,YES,67,NO,Lawyer,0,LOW,3,Cat_6,B
460802,MALE,YES,68,YES,Lawyer,1,HIGH,2,Cat_6,A
460811,FEMALE,YES,45,NO,Engineer,0,HIGH,2,Cat_6,A
460813,FEMALE,YES,86,NO,Lawyer,0,HIGH,2,Cat_6,A
460815,MALE,YES,62,YES,Artist,0,HIGH,2,Cat_3,A
460822,MALE,YES,42,YES,Artist,1,LOW,2,Cat_6,A
460825,MALE,NO,26,YES,Doctor,0,LOW,3,Cat_4,C
460828,MALE,NO,48,NO,Entertainment,1,LOW,1,Cat_6,C
460830,MALE,YES,40,NO,Entertainment,3,AVERAGE,5,Cat_2,B
460831,MALE,NO,20,NO,Healthcare,0,LOW,4,Cat_6,C
460837,FEMALE,NO,25,YES,Artist,1,LOW,1,Cat_5,D
460840,MALE,YES,77,YES,Lawyer,1,LOW,1,Cat_6,D
460844,MALE,YES,50,YES,Healthcare,0,LOW,2,Cat_6,D
460846,FEMALE,NO,22,NO,Marketing,0,LOW,4,Cat_6,D
460847,MALE,NO,26,YES,Artist,1,LOW,3,Cat_6,A
460851,MALE,YES,71,NO,Doctor,0,AVERAGE,3,Cat_6,D
460855,MALE,YES,50,YES,Artist,0,LOW,2,Cat_6,A
460857,MALE,NO,29,NO,Entertainment,1,LOW,1,Cat_4,D
460859,MALE,YES,51,YES,Entertainment,0,LOW,4,Cat_6,A
460860,MALE,YES,52,YES,Artist,6,AVERAGE,4,Cat_6,C
460861,MALE,NO,20,NO,Healthcare,1,LOW,3,Cat_3,A
460866,MALE,NO,26,YES,Doctor,0,LOW,9,Cat_4,B
460872,FEMALE,YES,39,YES,Artist,0,LOW,2,Cat_4,B
460877,FEMALE,YES,53,NO,Artist,1,AVERAGE,5,Cat_6,B
460878,MALE,YES,49,NO,Entertainment,0,AVERAGE,4,Cat_6,D
460882,MALE,NO,21,NO,Healthcare,0,LOW,2,Cat_3,D
460888,MALE,YES,39,NO,Homemaker,8,LOW,1,Cat_6,B
460891,FEMALE,YES,38,NO,Artist,2,AVERAGE,4,Cat_3,B
460897,MALE,NO,22,NO,Healthcare,4,LOW,4,Cat_6,B
460898,MALE,YES,52,NO,Artist,2,AVERAGE,4,Cat_6,D
460899,MALE,NO,40,YES,Entertainment,0,LOW,3,Cat_6,C
460901,MALE,NO,20,NO,Doctor,8,LOW,3,Cat_6,A
460902,MALE,NO,41,YES,Executive,1,LOW,3,Cat_6,D
460905,MALE,NO,30,YES,Artist,1,LOW,1,Cat_3,A
460906,FEMALE,YES,89,YES,Lawyer,1,HIGH,3,Cat_6,D
460907,MALE,YES,83,NO,Lawyer,1,HIGH,3,Cat_6,A
460923,MALE,YES,53,YES,Artist,0,AVERAGE,3,Cat_6,A
460924,MALE,NO,31,NO,Doctor,1,LOW,5,Cat_2,D
460928,MALE,YES,48,YES,Artist,1,AVERAGE,4,Cat_6,C
460934,FEMALE,NO,29,NO,Doctor,0,LOW,2,Cat_6,A
460935,MALE,YES,87,YES,Lawyer,0,LOW,1,Cat_6,D
460945,MALE,NO,19,NO,Engineer,4,LOW,7,Cat_6,A
460953,MALE,YES,60,NO,Entertainment,1,LOW,2,Cat_6,B
460961,MALE,NO,23,NO,Healthcare,1,LOW,2,Cat_3,D
460962,MALE,YES,61,YES,Executive,9,HIGH,4,Cat_6,D
460963,FEMALE,NO,27,YES,Artist,1,LOW,3,Cat_6,A
460968,MALE,YES,32,NO,Doctor,14,AVERAGE,2,Cat_3,D
460975,MALE,YES,79,,Lawyer,0,HIGH,2,Cat_6,C
460976,MALE,NO,19,NO,Healthcare,1,LOW,4,Cat_6,D
460977,MALE,YES,42,YES,Executive,0,HIGH,3,Cat_4,C
460979,MALE,YES,76,NO,Lawyer,1,LOW,1,Cat_6,D
460981,FEMALE,YES,41,NO,Marketing,1,AVERAGE,2,Cat_6,D
460984,MALE,YES,38,YES,Entertainment,0,AVERAGE,4,Cat_6,D
460988,MALE,YES,43,YES,Entertainment,0,AVERAGE,3,Cat_4,B
460989,MALE,NO,19,NO,Healthcare,1,LOW,3,Cat_1,D
460991,FEMALE,NO,28,YES,Healthcare,1,LOW,3,Cat_7,B
460993,MALE,YES,56,YES,Artist,0,AVERAGE,4,Cat_6,C
460999,MALE,NO,28,YES,Engineer,0,LOW,3,Cat_3,C
461000,MALE,YES,60,NO,Marketing,1,HIGH,2,Cat_3,A
461015,MALE,YES,35,YES,Entertainment,1,AVERAGE,2,Cat_3,D
461016,MALE,NO,25,NO,Healthcare,5,LOW,5,Cat_3,A
461022,MALE,YES,71,YES,Artist,1,LOW,1,Cat_3,D
461023,MALE,YES,65,NO,Lawyer,0,HIGH,2,Cat_3,D
461024,MALE,YES,74,YES,Lawyer,1,LOW,1,Cat_6,B
461028,FEMALE,NO,20,NO,Healthcare,5,LOW,4,Cat_4,D
461029,MALE,YES,43,NO,Entertainment,9,LOW,2,Cat_4,B
461034,FEMALE,NO,20,NO,Marketing,3,LOW,6,Cat_3,D
461037,MALE,YES,40,YES,Healthcare,0,HIGH,5,Cat_3,C
461038,FEMALE,YES,46,YES,Engineer,0,HIGH,5,Cat_3,C
461041,FEMALE,YES,65,NO,Lawyer,1,HIGH,7,Cat_3,A
461043,MALE,YES,50,NO,Healthcare,1,LOW,7,Cat_4,B
461044,MALE,NO,18,NO,Healthcare,0,LOW,5,Cat_4,D
461049,FEMALE,YES,61,YES,Doctor,1,LOW,7,Cat_7,A
461050,MALE,YES,49,YES,Undecided,1,HIGH,3,Cat_6,C
461053,MALE,YES,39,NO,Executive,0,HIGH,4,Cat_3,D
461059,FEMALE,YES,52,NO,Lawyer,1,HIGH,2,Cat_6,B
461060,MALE,YES,56,YES,Executive,0,HIGH,5,Cat_6,C
461065,MALE,YES,55,YES,Executive,0,LOW,6,Cat_3,C
461071,MALE,YES,42,NO,Engineer,1,AVERAGE,5,Cat_3,A
461078,FEMALE,NO,33,NO,Homemaker,0,LOW,6,Cat_3,D
461082,MALE,NO,19,NO,Healthcare,8,LOW,4,Cat_1,A
461085,FEMALE,NO,27,NO,Engineer,1,LOW,1,Cat_3,D
461093,FEMALE,YES,38,YES,Artist,1,AVERAGE,4,Cat_3,C
461099,FEMALE,NO,38,NO,Artist,1,LOW,4,Cat_3,D
461111,FEMALE,YES,43,YES,Doctor,8,LOW,1,Cat_6,B
461114,MALE,YES,53,YES,Artist,1,AVERAGE,4,Cat_3,A
461116,MALE,YES,33,NO,Executive,4,HIGH,4,Cat_3,B
461119,FEMALE,NO,22,NO,Healthcare,6,LOW,3,Cat_3,C
461121,MALE,NO,33,NO,Doctor,0,LOW,4,Cat_3,B
461124,MALE,NO,21,NO,Healthcare,1,LOW,8,Cat_4,D
461127,MALE,NO,20,NO,Healthcare,1,LOW,5,Cat_4,D
461128,MALE,NO,19,NO,Healthcare,7,LOW,3,Cat_6,C
461129,FEMALE,YES,58,YES,Entertainment,1,AVERAGE,4,Cat_6,C
461145,FEMALE,YES,36,YES,Entertainment,1,LOW,2,Cat_3,A
461154,MALE,NO,23,NO,Homemaker,1,LOW,4,Cat_3,A
461162,FEMALE,NO,37,NO,Marketing,8,LOW,3,Cat_3,A
461163,FEMALE,YES,58,NO,Entertainment,9,LOW,4,Cat_3,C
461168,FEMALE,YES,26,NO,Engineer,7,AVERAGE,2,Cat_3,B
461169,MALE,NO,39,YES,Entertainment,9,LOW,2,Cat_3,B
461174,FEMALE,NO,23,NO,Marketing,0,LOW,4,Cat_3,A
461177,MALE,YES,41,NO,Executive,8,AVERAGE,4,Cat_1,A
461178,MALE,YES,26,NO,Entertainment,0,LOW,3,Cat_3,D
461179,FEMALE,YES,25,NO,Engineer,3,LOW,3,Cat_3,D
461181,MALE,NO,19,NO,Healthcare,0,LOW,4,Cat_3,D
461183,MALE,NO,36,NO,Executive,0,LOW,5,Cat_3,A
461187,MALE,NO,29,NO,Healthcare,9,LOW,4,Cat_3,A
461197,MALE,NO,26,NO,Marketing,1,LOW,1,Cat_3,A
461198,FEMALE,NO,78,YES,Lawyer,0,LOW,1,Cat_6,C
461201,FEMALE,NO,55,YES,Artist,0,LOW,1,Cat_6,A
461205,MALE,NO,26,YES,Healthcare,0,LOW,3,Cat_2,D
461211,FEMALE,NO,46,YES,Entertainment,0,LOW,1,Cat_6,C
461214,MALE,NO,29,NO,Healthcare,0,LOW,4,Cat_6,D
461215,FEMALE,NO,36,YES,Artist,10,LOW,1,Cat_6,B
461218,MALE,YES,27,NO,Executive,1,LOW,6,Cat_6,D
461220,FEMALE,NO,29,NO,Executive,8,LOW,3,Cat_6,C
461221,FEMALE,NO,25,NO,Marketing,1,LOW,4,Cat_6,B
461225,FEMALE,NO,30,NO,Marketing,10,LOW,6,Cat_6,A
461226,MALE,YES,45,YES,Undecided,1,LOW,2,Cat_6,A
461236,FEMALE,NO,28,YES,Healthcare,9,LOW,1,Cat_6,A
461237,MALE,NO,33,YES,Doctor,1,LOW,5,Cat_2,A
461241,MALE,YES,31,YES,Healthcare,7,LOW,2,Cat_6,A
461242,MALE,YES,45,YES,Healthcare,0,LOW,2,Cat_6,A
461243,MALE,YES,47,YES,Marketing,0,LOW,5,Cat_6,A
461248,FEMALE,NO,39,NO,Healthcare,0,LOW,1,Cat_6,B
461252,FEMALE,YES,53,YES,Doctor,0,LOW,1,Cat_3,D
461256,MALE,NO,27,NO,Doctor,1,LOW,4,Cat_4,B
461257,MALE,YES,37,YES,Engineer,1,AVERAGE,2,Cat_4,D
461258,FEMALE,YES,62,YES,Artist,1,AVERAGE,3,Cat_4,B
461262,FEMALE,NO,29,NO,Engineer,0,LOW,7,Cat_4,C
461263,FEMALE,YES,51,YES,Artist,0,LOW,1,Cat_4,B
461265,MALE,NO,30,NO,Marketing,1,LOW,6,Cat_4,B
461269,MALE,NO,18,NO,Entertainment,0,LOW,4,Cat_4,B
461274,FEMALE,YES,87,YES,Lawyer,0,HIGH,2,Cat_6,C
461276,MALE,YES,68,YES,Marketing,0,LOW,2,Cat_7,B
461277,MALE,YES,84,YES,Lawyer,5,LOW,1,Cat_6,D
461281,MALE,NO,22,NO,Healthcare,2,LOW,9,Cat_2,D
461286,FEMALE,NO,22,NO,Doctor,2,LOW,4,Cat_6,D
461289,MALE,NO,21,NO,Healthcare,1,LOW,3,Cat_6,D
461292,FEMALE,YES,89,NO,Lawyer,0,HIGH,2,Cat_3,C
461297,MALE,YES,73,NO,Lawyer,0,HIGH,2,Cat_6,B
461299,FEMALE,YES,75,YES,Lawyer,0,HIGH,2,Cat_6,C
461303,FEMALE,NO,20,NO,Doctor,6,LOW,4,Cat_2,A
461308,MALE,NO,22,NO,Healthcare,1,LOW,2,Cat_6,D
461309,FEMALE,NO,22,NO,Healthcare,0,LOW,4,Cat_6,D
461314,MALE,YES,46,YES,Artist,1,AVERAGE,3,Cat_6,D
461319,MALE,YES,58,NO,Artist,0,AVERAGE,2,Cat_6,B
461320,FEMALE,NO,41,YES,Artist,1,LOW,3,Cat_6,B
461322,MALE,YES,42,YES,Artist,0,AVERAGE,2,Cat_6,A
461323,FEMALE,YES,43,YES,Healthcare,6,AVERAGE,2,Cat_6,B
461324,FEMALE,NO,49,YES,Artist,3,LOW,1,Cat_6,D
461326,FEMALE,NO,40,YES,Artist,0,LOW,1,Cat_6,A
461335,MALE,YES,53,NO,Executive,8,HIGH,2,Cat_6,D
461340,MALE,YES,36,YES,Artist,4,AVERAGE,2,Cat_7,B
461346,MALE,YES,50,YES,Artist,8,LOW,2,Cat_6,D
461348,MALE,YES,42,YES,Healthcare,1,LOW,1,Cat_6,D
461350,MALE,NO,30,NO,Healthcare,0,LOW,4,Cat_2,D
461352,MALE,NO,29,NO,Healthcare,2,LOW,5,Cat_2,D
461356,MALE,NO,28,YES,Entertainment,1,LOW,2,Cat_6,B
461357,MALE,NO,27,YES,Healthcare,1,LOW,4,Cat_6,D
461363,MALE,NO,49,YES,Artist,0,LOW,1,Cat_6,A
461366,MALE,NO,32,YES,Healthcare,1,LOW,1,Cat_6,D
461370,MALE,NO,25,YES,Doctor,1,LOW,3,Cat_6,A
461377,FEMALE,YES,63,YES,Artist,0,LOW,1,Cat_6,B
461378,FEMALE,NO,42,YES,Artist,8,LOW,1,Cat_6,B
461383,MALE,YES,71,YES,Artist,0,HIGH,2,Cat_6,A
461388,MALE,NO,20,NO,Healthcare,0,LOW,5,Cat_2,B
461397,MALE,NO,22,NO,Healthcare,1,LOW,4,Cat_6,D
461402,FEMALE,NO,29,YES,Entertainment,1,LOW,5,Cat_6,A
461408,MALE,YES,47,YES,Marketing,0,LOW,3,Cat_6,A
461421,MALE,YES,43,YES,Artist,0,AVERAGE,3,Cat_6,B
461423,MALE,NO,32,YES,Artist,1,LOW,3,Cat_4,D
461426,MALE,YES,47,YES,Artist,7,AVERAGE,2,Cat_6,A
461428,MALE,NO,46,YES,Artist,0,LOW,1,Cat_6,B
461432,FEMALE,YES,41,YES,Artist,1,AVERAGE,2,Cat_6,D
461437,MALE,YES,37,YES,Entertainment,0,AVERAGE,2,Cat_6,B
461439,MALE,YES,40,YES,Artist,0,AVERAGE,2,Cat_6,A
461441,MALE,YES,60,YES,Artist,0,AVERAGE,4,Cat_6,A
461442,MALE,YES,46,YES,Artist,0,AVERAGE,6,Cat_2,D
461454,FEMALE,YES,36,YES,Artist,6,HIGH,4,Cat_7,B
461456,FEMALE,NO,38,NO,Marketing,0,LOW,1,Cat_6,B
461457,FEMALE,YES,32,NO,Doctor,0,LOW,5,Cat_6,A
461458,FEMALE,NO,41,YES,Artist,5,LOW,1,Cat_6,D
461462,MALE,YES,56,YES,Marketing,0,LOW,3,Cat_6,A
461465,MALE,YES,31,YES,Artist,8,AVERAGE,2,Cat_6,D
461466,MALE,YES,45,NO,Artist,0,LOW,2,Cat_7,A
461468,MALE,YES,69,YES,Entertainment,0,AVERAGE,3,Cat_6,C
461469,MALE,YES,37,YES,Artist,0,LOW,2,Cat_6,A
461476,MALE,YES,47,YES,Artist,1,AVERAGE,4,Cat_2,D
461479,FEMALE,YES,52,YES,Artist,1,AVERAGE,3,Cat_6,C
461480,FEMALE,YES,57,YES,Artist,1,HIGH,3,Cat_6,A
461482,FEMALE,NO,50,YES,Artist,9,LOW,1,Cat_6,A
461494,MALE,YES,27,NO,Engineer,0,AVERAGE,2,Cat_6,D
461501,FEMALE,YES,45,YES,Engineer,1,HIGH,3,Cat_6,B
461503,FEMALE,NO,30,YES,Artist,8,LOW,2,Cat_6,D
461510,MALE,YES,45,YES,Artist,0,LOW,2,Cat_6,B
461514,MALE,NO,30,NO,Healthcare,1,LOW,4,Cat_6,C
461516,MALE,YES,31,YES,Entertainment,1,AVERAGE,3,Cat_6,A
461518,FEMALE,YES,45,YES,Artist,1,AVERAGE,4,Cat_3,C
461521,MALE,YES,67,YES,Artist,0,HIGH,2,Cat_6,B
461522,MALE,YES,76,NO,Executive,1,HIGH,2,Cat_6,A
461525,MALE,YES,69,YES,Entertainment,0,LOW,2,Cat_6,D
461526,MALE,YES,83,NO,Entertainment,0,LOW,2,Cat_6,A
461530,MALE,YES,38,YES,Engineer,0,LOW,2,Cat_6,D
461534,MALE,YES,36,YES,Artist,0,LOW,1,Cat_6,A
461540,MALE,NO,41,YES,Undecided,2,LOW,2,Cat_2,A
461546,FEMALE,YES,69,NO,Lawyer,0,LOW,3,Cat_6,C
461548,FEMALE,NO,33,YES,Engineer,0,LOW,3,Cat_6,A
461553,MALE,NO,38,YES,Artist,1,LOW,3,Cat_7,C
461556,FEMALE,YES,48,YES,Engineer,1,AVERAGE,2,Cat_6,B
461558,MALE,YES,51,YES,Engineer,2,AVERAGE,2,Cat_6,C
461564,MALE,YES,56,YES,Executive,1,HIGH,2,Cat_6,A
461570,MALE,YES,57,YES,Artist,0,AVERAGE,3,Cat_6,D
461574,FEMALE,YES,49,YES,Artist,1,AVERAGE,3,Cat_6,B
461587,MALE,NO,30,YES,Healthcare,0,LOW,3,Cat_6,D
461593,FEMALE,YES,40,YES,Doctor,8,AVERAGE,2,Cat_6,B
461604,MALE,YES,38,NO,Entertainment,0,AVERAGE,2,Cat_6,D
461612,FEMALE,NO,31,YES,Healthcare,8,LOW,5,Cat_6,D
461615,MALE,NO,33,YES,Doctor,0,LOW,2,Cat_6,C
461617,MALE,NO,50,YES,Artist,0,LOW,2,Cat_6,A
461619,MALE,YES,52,YES,Executive,0,HIGH,3,Cat_6,C
461626,MALE,YES,73,YES,Executive,0,HIGH,2,Cat_6,C
461630,MALE,YES,46,YES,Artist,0,AVERAGE,3,Cat_6,C
461637,MALE,YES,50,YES,Artist,0,LOW,2,Cat_7,C
461644,MALE,NO,30,NO,Healthcare,0,LOW,6,Cat_6,D
461653,FEMALE,YES,60,YES,Doctor,0,AVERAGE,2,Cat_6,D
461655,FEMALE,YES,39,YES,Homemaker,9,AVERAGE,2,Cat_6,D
461658,FEMALE,YES,59,YES,Artist,1,AVERAGE,2,Cat_5,B
461659,FEMALE,YES,51,YES,Artist,0,AVERAGE,2,Cat_6,C
461661,FEMALE,YES,40,YES,Artist,5,AVERAGE,2,Cat_2,B
461663,MALE,NO,23,NO,Healthcare,1,LOW,3,Cat_6,D
461668,MALE,YES,53,YES,Artist,4,AVERAGE,4,Cat_2,C
461671,MALE,NO,32,NO,Healthcare,7,LOW,5,Cat_6,A
461674,MALE,YES,52,YES,Executive,0,HIGH,4,Cat_6,B
461676,FEMALE,NO,31,YES,Engineer,0,LOW,1,Cat_6,D
461679,MALE,NO,30,YES,Healthcare,3,LOW,4,Cat_6,A
461681,MALE,NO,25,YES,Healthcare,8,LOW,3,Cat_7,D
461683,MALE,YES,40,YES,Executive,1,HIGH,4,Cat_6,A
461685,FEMALE,NO,27,YES,Healthcare,4,LOW,4,Cat_6,A
461686,MALE,YES,61,YES,Artist,0,LOW,2,Cat_6,A
461690,FEMALE,NO,33,YES,Engineer,1,LOW,1,Cat_4,A
461694,MALE,NO,28,YES,Doctor,1,LOW,4,Cat_4,A
461695,FEMALE,YES,48,YES,Artist,2,AVERAGE,2,Cat_6,C
461698,FEMALE,YES,73,YES,Artist,0,HIGH,2,Cat_6,B
461701,MALE,YES,36,NO,Artist,0,AVERAGE,2,Cat_5,D
461705,FEMALE,NO,32,NO,Healthcare,0,LOW,4,Cat_6,A
461708,MALE,YES,82,NO,Lawyer,0,HIGH,2,Cat_6,A
461709,MALE,NO,28,YES,Artist,1,LOW,3,Cat_4,D
461711,FEMALE,NO,42,YES,Artist,8,LOW,3,Cat_2,D
461716,FEMALE,YES,60,YES,Lawyer,6,HIGH,9,Cat_6,B
461720,FEMALE,NO,46,YES,Artist,1,LOW,1,Cat_4,A
461722,MALE,NO,31,NO,Doctor,0,LOW,3,Cat_6,C
461724,FEMALE,YES,50,YES,Artist,1,LOW,1,Cat_7,C
461725,FEMALE,NO,30,YES,Engineer,3,LOW,1,Cat_4,A
461727,FEMALE,NO,49,YES,Artist,1,LOW,3,Cat_6,D
461737,FEMALE,YES,51,YES,Doctor,0,AVERAGE,6,Cat_4,C
461738,FEMALE,YES,46,YES,Undecided,0,AVERAGE,3,Cat_6,A
461744,MALE,YES,53,YES,Artist,0,AVERAGE,4,Cat_6,B
461747,MALE,YES,65,YES,Artist,0,HIGH,2,Cat_6,A
461749,FEMALE,NO,22,NO,Healthcare,0,LOW,5,Cat_6,D
461752,MALE,YES,65,YES,Doctor,1,AVERAGE,3,Cat_6,C
461756,FEMALE,YES,39,YES,Engineer,0,AVERAGE,2,Cat_4,A
461760,MALE,YES,84,YES,Artist,0,HIGH,2,Cat_6,D
461769,MALE,NO,37,YES,Artist,0,LOW,1,Cat_6,C
461771,MALE,YES,28,YES,Doctor,8,AVERAGE,2,Cat_6,D
461775,FEMALE,YES,82,NO,Lawyer,0,HIGH,2,Cat_6,A
461778,FEMALE,YES,87,YES,Lawyer,0,HIGH,2,Cat_6,A
461780,FEMALE,NO,69,YES,Lawyer,1,LOW,5,Cat_6,D
461782,FEMALE,YES,51,YES,Artist,0,HIGH,5,Cat_6,B
461784,FEMALE,YES,74,YES,Lawyer,1,LOW,1,Cat_6,B
461788,FEMALE,YES,79,YES,Lawyer,1,HIGH,2,Cat_6,A
461791,FEMALE,NO,21,NO,Lawyer,9,LOW,1,Cat_6,D
461792,FEMALE,NO,20,NO,Healthcare,5,LOW,5,Cat_2,D
461800,FEMALE,NO,43,YES,Doctor,3,LOW,1,Cat_2,A
461801,FEMALE,NO,25,NO,Healthcare,1,LOW,3,Cat_6,A
461802,MALE,NO,43,YES,Artist,0,LOW,4,Cat_6,B
461804,FEMALE,NO,42,YES,Artist,1,LOW,1,Cat_6,D
461807,MALE,NO,25,YES,Doctor,10,LOW,4,Cat_6,A
461815,MALE,YES,59,YES,Artist,0,LOW,1,Cat_3,A
461816,FEMALE,NO,49,YES,Marketing,0,LOW,5,Cat_6,D
461821,FEMALE,NO,32,NO,Doctor,1,LOW,4,Cat_6,A
461822,MALE,YES,36,YES,Artist,8,HIGH,2,Cat_6,A
461824,MALE,YES,45,YES,Marketing,9,LOW,3,Cat_6,A
461832,MALE,NO,29,YES,Healthcare,0,LOW,3,Cat_6,A
461837,MALE,YES,37,YES,Artist,0,LOW,2,Cat_6,C
461845,FEMALE,YES,48,YES,Doctor,1,AVERAGE,4,Cat_6,D
461846,FEMALE,NO,65,YES,Artist,0,LOW,2,Cat_2,C
461848,MALE,NO,39,NO,Marketing,1,LOW,2,Cat_6,A
461858,MALE,NO,25,NO,Entertainment,1,LOW,7,Cat_4,A
461859,FEMALE,YES,49,NO,Artist,5,LOW,5,Cat_6,D
461860,FEMALE,YES,77,YES,Lawyer,1,HIGH,2,Cat_6,D
461862,FEMALE,NO,38,YES,Artist,9,LOW,1,Cat_6,A
461864,MALE,NO,19,YES,Marketing,0,LOW,6,Cat_4,D
461872,FEMALE,YES,76,YES,Lawyer,1,HIGH,2,Cat_6,A
461873,MALE,NO,28,YES,Doctor,0,LOW,4,Cat_6,A
461874,MALE,YES,51,YES,Doctor,1,AVERAGE,3,Cat_3,B
461882,FEMALE,NO,28,YES,Doctor,0,LOW,5,Cat_7,D
461892,FEMALE,NO,42,YES,Healthcare,0,LOW,1,Cat_2,A
461896,MALE,YES,45,YES,Artist,1,LOW,1,Cat_6,A
461898,MALE,YES,63,YES,Executive,6,HIGH,3,Cat_6,D
461899,FEMALE,NO,18,NO,Doctor,0,LOW,6,Cat_6,A
461901,MALE,NO,26,YES,Artist,7,LOW,4,Cat_6,D
461910,MALE,YES,31,YES,Artist,0,AVERAGE,2,Cat_2,D
461913,MALE,NO,43,YES,Entertainment,5,LOW,4,Cat_2,B
461921,FEMALE,NO,36,YES,Artist,0,LOW,1,Cat_6,A
461927,MALE,NO,32,NO,Healthcare,1,LOW,4,Cat_2,A
461928,MALE,YES,68,YES,Lawyer,0,LOW,1,,A
461929,MALE,YES,60,YES,Entertainment,1,LOW,1,Cat_6,C
461930,FEMALE,NO,42,YES,Artist,0,LOW,1,Cat_4,B
461931,FEMALE,NO,18,NO,Healthcare,6,LOW,5,,D
461936,MALE,YES,69,NO,Lawyer,0,HIGH,2,Cat_6,D
461941,FEMALE,YES,70,YES,Artist,1,LOW,1,Cat_6,C
461943,MALE,NO,25,YES,Healthcare,1,LOW,3,Cat_6,C
461962,MALE,YES,56,YES,Entertainment,1,AVERAGE,3,Cat_6,A
461963,FEMALE,NO,40,YES,Artist,9,LOW,1,Cat_6,D
461965,MALE,NO,23,NO,Healthcare,1,LOW,6,Cat_6,B
461967,FEMALE,NO,20,NO,Marketing,3,LOW,4,Cat_7,D
461968,FEMALE,NO,39,YES,Entertainment,2,LOW,1,Cat_6,D
461978,FEMALE,NO,19,NO,Healthcare,0,LOW,4,Cat_6,D
461988,MALE,YES,40,NO,Engineer,1,AVERAGE,2,Cat_6,C
461989,FEMALE,,60,YES,Engineer,1,AVERAGE,4,Cat_2,B
461993,MALE,NO,33,NO,Healthcare,3,LOW,4,Cat_6,D
461994,MALE,YES,20,NO,Doctor,14,LOW,2,Cat_6,B
461996,FEMALE,NO,35,NO,Artist,7,LOW,4,Cat_6,A
461999,MALE,NO,27,YES,Doctor,0,LOW,5,Cat_6,B
462007,FEMALE,YES,42,YES,Artist,1,AVERAGE,2,Cat_6,D
462011,MALE,YES,30,NO,Marketing,0,LOW,4,Cat_4,C
462013,FEMALE,YES,56,YES,Executive,0,AVERAGE,2,Cat_6,C
462015,MALE,YES,28,YES,Entertainment,0,AVERAGE,2,Cat_6,D
462016,FEMALE,YES,38,YES,Artist,6,AVERAGE,2,Cat_6,A
462017,MALE,NO,26,YES,Entertainment,9,LOW,1,Cat_2,A
462027,MALE,NO,36,NO,Engineer,0,LOW,1,Cat_6,B
462029,MALE,NO,56,NO,Entertainment,0,LOW,1,Cat_6,A
462033,MALE,NO,26,YES,Entertainment,0,LOW,1,Cat_6,D
462038,MALE,NO,28,YES,Artist,4,LOW,4,Cat_6,C
462043,MALE,NO,32,NO,Healthcare,0,LOW,5,Cat_6,D
462044,FEMALE,NO,52,YES,Artist,4,LOW,1,Cat_6,B
462048,FEMALE,NO,23,NO,Healthcare,0,LOW,4,Cat_6,D
462051,MALE,NO,23,NO,Healthcare,0,LOW,5,Cat_4,D
462052,MALE,YES,50,YES,Artist,0,LOW,2,Cat_6,C
462053,MALE,YES,26,YES,Artist,0,LOW,2,Cat_6,D
462058,MALE,YES,40,YES,Entertainment,8,LOW,2,Cat_6,A
462060,FEMALE,YES,53,YES,Artist,1,AVERAGE,2,Cat_6,C
462064,MALE,YES,63,YES,Artist,0,AVERAGE,3,Cat_7,D
462068,MALE,YES,62,YES,Executive,0,HIGH,3,Cat_6,B
462075,FEMALE,NO,38,YES,Artist,1,LOW,1,Cat_6,C
462078,FEMALE,YES,57,NO,Artist,1,AVERAGE,2,Cat_2,B
462080,FEMALE,NO,43,YES,Artist,9,LOW,1,Cat_6,A
462081,MALE,NO,21,NO,Marketing,1,LOW,3,Cat_4,B
462083,MALE,NO,22,NO,Healthcare,0,LOW,5,Cat_6,A
462084,MALE,YES,68,YES,Artist,1,LOW,1,Cat_6,C
462085,FEMALE,NO,28,YES,Healthcare,0,LOW,1,Cat_6,D
462088,MALE,YES,33,YES,Artist,0,AVERAGE,2,Cat_6,A
462090,FEMALE,NO,38,YES,Artist,8,LOW,1,Cat_6,C
462091,MALE,NO,23,NO,Healthcare,0,LOW,5,Cat_4,D
462094,FEMALE,NO,41,YES,Healthcare,0,LOW,1,Cat_6,A
462096,FEMALE,NO,41,YES,Homemaker,0,LOW,1,Cat_4,C
462102,FEMALE,NO,39,YES,Doctor,4,LOW,1,Cat_6,A
462103,FEMALE,YES,49,NO,Entertainment,9,HIGH,2,Cat_6,A
462108,FEMALE,YES,33,YES,Homemaker,0,AVERAGE,2,Cat_6,D
462109,MALE,YES,79,NO,Lawyer,0,LOW,1,Cat_6,D
462111,MALE,YES,38,YES,Artist,6,AVERAGE,4,Cat_6,A
462114,MALE,NO,21,NO,Healthcare,1,LOW,4,Cat_6,D
462116,FEMALE,YES,68,YES,Doctor,0,AVERAGE,2,Cat_6,B
462118,MALE,NO,31,YES,Artist,0,LOW,3,Cat_6,B
462120,MALE,YES,46,NO,Artist,1,LOW,3,Cat_3,C
462128,MALE,YES,35,YES,Artist,9,AVERAGE,2,Cat_6,D
462131,FEMALE,NO,42,YES,Artist,8,LOW,3,Cat_2,C
462134,MALE,YES,87,NO,Lawyer,0,LOW,1,,A
462141,FEMALE,NO,38,YES,Artist,8,LOW,1,Cat_6,A
462149,FEMALE,YES,88,NO,Lawyer,2,HIGH,1,Cat_6,C
462151,FEMALE,NO,42,YES,Artist,9,LOW,1,Cat_6,C
462163,FEMALE,YES,26,YES,Artist,4,AVERAGE,2,Cat_3,D
462168,MALE,YES,35,YES,Executive,0,HIGH,3,Cat_6,A
462171,FEMALE,YES,41,NO,Engineer,3,HIGH,2,Cat_6,C
462172,MALE,YES,37,YES,Doctor,1,AVERAGE,2,Cat_1,D
462174,FEMALE,YES,41,YES,Engineer,8,AVERAGE,4,Cat_4,B
462177,MALE,NO,35,,Artist,6,LOW,5,Cat_2,B
462179,FEMALE,NO,33,YES,Marketing,0,LOW,9,Cat_7,C
462180,FEMALE,YES,61,YES,Engineer,2,AVERAGE,4,Cat_2,A
462186,FEMALE,NO,19,NO,Doctor,1,LOW,3,Cat_1,A
462187,FEMALE,NO,50,YES,Artist,4,LOW,1,Cat_6,B
462188,FEMALE,YES,48,NO,Engineer,0,AVERAGE,4,Cat_4,C
462196,MALE,YES,57,NO,Marketing,1,AVERAGE,3,Cat_4,B
462197,FEMALE,YES,72,NO,Engineer,1,AVERAGE,3,Cat_4,A
462200,FEMALE,YES,49,YES,Doctor,0,LOW,3,Cat_4,A
462202,FEMALE,NO,41,YES,Entertainment,0,LOW,4,Cat_4,A
462203,MALE,YES,65,NO,Executive,2,HIGH,7,Cat_4,A
462204,FEMALE,NO,22,NO,Marketing,0,LOW,3,Cat_4,D
462205,FEMALE,NO,23,NO,Healthcare,0,LOW,4,Cat_4,C
462209,FEMALE,YES,41,NO,Artist,0,LOW,1,Cat_4,B
462210,FEMALE,YES,42,YES,Engineer,0,LOW,3,Cat_4,A
462211,MALE,NO,18,NO,Healthcare,0,LOW,3,Cat_4,D
462214,MALE,YES,49,NO,Doctor,1,LOW,2,Cat_4,A
462216,FEMALE,YES,40,NO,Doctor,0,LOW,2,Cat_4,A
462218,MALE,YES,50,NO,Executive,1,AVERAGE,5,Cat_4,D
462220,FEMALE,NO,19,NO,Healthcare,6,LOW,3,Cat_4,D
462222,MALE,NO,22,NO,Healthcare,0,LOW,6,Cat_4,D
462229,MALE,NO,23,NO,Undecided,1,LOW,8,Cat_4,B
462231,MALE,NO,27,YES,Artist,4,LOW,6,Cat_4,A
462232,MALE,YES,55,NO,Executive,0,HIGH,8,Cat_4,B
462234,MALE,YES,32,NO,Undecided,1,AVERAGE,6,Cat_4,B
462238,MALE,YES,57,NO,Entertainment,0,LOW,2,Cat_3,B
462240,MALE,YES,80,NO,Lawyer,0,HIGH,2,Cat_6,A
462243,MALE,YES,43,NO,Executive,0,LOW,4,Cat_6,B
462246,FEMALE,YES,79,NO,Lawyer,1,HIGH,2,Cat_6,A
462249,MALE,NO,25,NO,Entertainment,1,LOW,3,Cat_6,A
462256,FEMALE,YES,58,YES,Homemaker,0,AVERAGE,4,Cat_6,B
462257,FEMALE,YES,78,YES,Lawyer,0,HIGH,2,Cat_6,A
462260,MALE,YES,76,YES,Lawyer,1,LOW,2,Cat_6,D
462262,MALE,NO,27,NO,Healthcare,1,LOW,3,,D
462274,MALE,YES,47,YES,Artist,1,AVERAGE,3,Cat_6,D
462275,MALE,YES,43,YES,Artist,1,AVERAGE,2,Cat_6,C
462278,MALE,NO,31,YES,Healthcare,1,LOW,4,Cat_6,A
462279,MALE,NO,27,NO,Healthcare,0,LOW,7,Cat_6,B
462280,MALE,NO,31,YES,Healthcare,0,LOW,4,Cat_6,A
462281,MALE,YES,46,YES,Artist,1,LOW,2,Cat_6,D
462284,MALE,YES,48,YES,Executive,1,AVERAGE,4,Cat_6,C
462285,MALE,YES,51,YES,Doctor,0,LOW,2,,C
462286,MALE,YES,57,NO,Doctor,0,AVERAGE,2,Cat_6,C
462290,FEMALE,NO,30,YES,Doctor,0,LOW,1,Cat_6,B
462291,FEMALE,NO,37,YES,Marketing,0,LOW,3,Cat_6,B
462297,FEMALE,NO,31,YES,Artist,14,LOW,2,Cat_6,D
462300,MALE,YES,49,YES,Artist,1,AVERAGE,3,Cat_6,D
462304,MALE,YES,56,YES,Artist,1,LOW,4,Cat_4,C
462306,MALE,YES,83,NO,Lawyer,8,HIGH,2,Cat_6,B
462309,MALE,NO,32,YES,Healthcare,0,LOW,1,Cat_6,B
462310,MALE,YES,63,YES,Artist,5,AVERAGE,4,Cat_6,A
462323,FEMALE,YES,71,YES,Doctor,1,AVERAGE,2,Cat_6,A
462336,MALE,YES,50,NO,Artist,0,LOW,4,Cat_6,B
462339,MALE,NO,31,YES,Artist,4,LOW,5,Cat_6,A
462340,MALE,YES,60,NO,Entertainment,0,AVERAGE,6,Cat_6,A
462342,FEMALE,YES,71,YES,Lawyer,8,HIGH,2,Cat_6,D
462345,MALE,YES,49,YES,Doctor,0,AVERAGE,6,Cat_4,B
462346,MALE,YES,74,YES,Lawyer,9,LOW,1,Cat_6,C
462349,MALE,YES,51,YES,Artist,1,AVERAGE,6,Cat_6,A
462356,MALE,NO,46,YES,Engineer,0,LOW,3,Cat_6,B
462358,MALE,YES,39,NO,Doctor,2,AVERAGE,2,Cat_6,B
462365,MALE,YES,85,YES,Lawyer,1,HIGH,2,Cat_6,C
462368,FEMALE,YES,31,YES,Artist,1,AVERAGE,2,Cat_6,A
462370,MALE,YES,39,YES,Executive,4,HIGH,3,Cat_6,B
462381,FEMALE,YES,48,NO,Doctor,1,HIGH,2,Cat_6,C
462382,MALE,YES,71,YES,Lawyer,0,HIGH,2,Cat_6,B
462384,FEMALE,NO,31,YES,Healthcare,0,LOW,1,Cat_7,A
462386,FEMALE,NO,32,YES,Healthcare,0,LOW,5,Cat_6,A
462389,FEMALE,YES,55,NO,Engineer,0,LOW,1,Cat_6,D
462395,MALE,YES,46,YES,Artist,0,HIGH,2,Cat_6,C
462396,MALE,YES,53,YES,Doctor,0,AVERAGE,2,Cat_6,B
462397,MALE,YES,50,YES,Artist,0,AVERAGE,4,Cat_6,C
462400,MALE,NO,45,YES,Artist,1,LOW,1,Cat_6,D
462401,MALE,YES,33,NO,Executive,1,AVERAGE,2,Cat_4,C
462409,FEMALE,YES,29,NO,Engineer,5,LOW,2,Cat_6,D
462411,MALE,NO,35,YES,Artist,8,LOW,1,Cat_6,B
462415,MALE,NO,25,NO,Doctor,1,LOW,1,Cat_6,D
462420,MALE,NO,26,YES,Healthcare,0,LOW,3,Cat_6,D
462421,MALE,NO,48,YES,Artist,1,LOW,2,Cat_6,C
462423,MALE,YES,66,NO,Lawyer,0,HIGH,3,Cat_6,A
462424,FEMALE,YES,38,NO,Artist,0,LOW,3,Cat_6,C
462428,MALE,YES,65,YES,Entertainment,2,AVERAGE,3,Cat_6,C
462429,MALE,YES,87,NO,Lawyer,1,LOW,1,Cat_6,D
462445,MALE,NO,20,NO,Healthcare,1,LOW,3,Cat_6,D
462446,MALE,NO,19,NO,Healthcare,0,LOW,4,Cat_6,D
462447,MALE,NO,22,NO,Healthcare,9,LOW,4,Cat_6,D
462451,MALE,NO,18,NO,Marketing,1,LOW,9,Cat_6,D
462454,MALE,NO,19,NO,Healthcare,1,LOW,3,Cat_2,D
462456,MALE,NO,22,NO,Healthcare,0,LOW,8,Cat_6,A
462457,MALE,NO,31,NO,Healthcare,4,LOW,4,Cat_6,D
462463,MALE,YES,63,NO,Artist,0,AVERAGE,2,Cat_6,A
462472,MALE,NO,43,YES,Artist,1,LOW,1,Cat_6,C
462485,FEMALE,YES,39,NO,Engineer,0,LOW,2,Cat_6,A
462488,MALE,NO,31,YES,Healthcare,1,LOW,5,Cat_6,A
462491,MALE,NO,31,YES,Artist,0,LOW,5,Cat_6,D
462492,MALE,YES,43,NO,Artist,0,AVERAGE,4,Cat_2,A
462496,MALE,YES,52,NO,Artist,0,AVERAGE,3,Cat_6,A
462498,FEMALE,YES,63,YES,Doctor,0,AVERAGE,3,Cat_6,C
462503,MALE,YES,51,YES,Executive,1,HIGH,4,Cat_6,C
462508,MALE,YES,35,YES,Healthcare,1,LOW,7,Cat_4,B
462512,FEMALE,YES,32,NO,Entertainment,0,AVERAGE,2,Cat_4,B
462517,FEMALE,YES,39,YES,Homemaker,9,HIGH,4,Cat_6,C
462518,FEMALE,NO,25,NO,Healthcare,1,LOW,6,Cat_5,D
462519,MALE,NO,20,NO,Healthcare,0,LOW,5,Cat_4,D
